{"stocks":[{"productId":102872244,"stocks":[{"id":102956770,"availability":"unknown","typeThreshold":"UNDEFINED_UMBRAL_STOCK"},{"id":102872246,"availability":"out_of_stock","typeThreshold":"UNDEFINED_UMBRAL_STOCK"},{"id":102897012,"availability":"in_stock","typeThreshold":"UNDEFINED_UMBRAL_STOCK"},{"id":102872247,"availability":"out_of_stock","typeThreshold":"UNDEFINED_UMBRAL_STOCK"},{"id":102897013,"availability":"out_of_stock","typeThreshold":"UNDEFINED_UMBRAL_STOCK"},{"id":102872245,"availability":"out_of_stock","typeThreshold":"UNDEFINED_UMBRAL_STOCK"},{"id":102897017,"availability":"out_of_stock","typeThreshold":"UNDEFINED_UMBRAL_STOCK"},{"id":102872249,"availability":"out_of_stock","typeThreshold":"UNDEFINED_UMBRAL_STOCK"},{"id":102897014,"availability":"out_of_stock","typeThreshold":"UNDEFINED_UMBRAL_STOCK"},{"id":102872248,"availability":"out_of_stock","typeThreshold":"UNDEFINED_UMBRAL_STOCK"},{"id":102897015,"availability":"out_of_stock","typeThreshold":"UNDEFINED_UMBRAL_STOCK"}]}],"rueiData":{"StoreLangRUEI":"<!--itxStoreLang='lt'-->","StoreTypeRUEI":"<!--itxStoreType='VENTA'-->","OperationTypeRUEI":"<!--itxOperationType='rest-service-impl'-->","OperationRUEI":"<!--itxOperation='get-stock'-->","StoreIdRUEI":"<!--itxStoreId='LT'-->"}}
